<?xml version="1.0" encoding="UTF-8"?>
<results>
   <result>
      <author>
         <last>Abiteboul</last>
         <first>Serge</first>
      </author>
      <title>Data on the Web</title>
   </result>
   <result>
      <author>
         <last>Buneman</last>
         <first>Peter</first>
      </author>
      <title>Data on the Web</title>
   </result>
   <result>
      <author>
         <last>Stevens</last>
         <first>W.</first>
      </author>
      <title>TCP/IP Illustrated</title>
      <title>Advanced Programming in the Unix environment</title>
   </result>
   <result>
      <author>
         <last>Suciu</last>
         <first>Dan</first>
      </author>
      <title>Data on the Web</title>
   </result>
</results>
