<?xml version="1.0" encoding="UTF-8"?>
<!DOCTYPE maisons SYSTEM "maisons.dtd">
<maisons>
  <maison id="1">
    <RDC>
      <cuisine surface-m2="12">Evier Inox. Mobilier encastré</cuisine>
      <WC>Lavabo.</WC>
      <séjour  surface-m2="38">Cheminée en pierre. Baie vitrée</séjour>
      <bureau surface-m2="14">Bibliothèque</bureau>
      <garage/>
    </RDC>
    <étage>
      <terrasse/>
      <chambre surface-m2="28" fenetre="3">
        <alcove surface-m2="8"/>
      </chambre>
      <chambre surface-m2="18"/>
      <salledeBain surface-m2="15">
        Douche, baignoire, lavabo
      </salledeBain>
    </étage>
  </maison>
  <maison id="2">
    <RDC>
      <cuisine surface-m2="12">en ruine</cuisine>
      <garage/>
    </RDC>
    <étage>
      <mirador surface-m2="1">
        Vue sur la mer
      </mirador>
      <salledeBain surface-m2="15">Douche</salledeBain>
    </étage>
  </maison>
  <maison id="3">
    <RDC>
      <séjour fenetre="4" surface-m2="40"/>
    </RDC>
    <étage>
      <chambre surface-m2="17.5">Exposition plein sud</chambre>
    </étage>
  </maison>
</maisons>

